<?xml version="1.0" encoding="utf-8"?>
<ConversionTemplate xmlns:xsi="http://www.w3.org/2001/XMLSchema-instance" xmlns:xsd="http://www.w3.org/2001/XMLSchema">
  <Name>Default</Name>
  <DisplayName>Default</DisplayName>
  <SupportedApplicationOutput>
    <ConverterOutputType>Word</ConverterOutputType>
	<ConverterOutputType>Pdf</ConverterOutputType>
  </SupportedApplicationOutput>
  <Editable>false</Editable>
  <SolidWordOptions>
    <AutoRotate>true</AutoRotate>
    <TextRecoveryLang>English</TextRecoveryLang>
    <TextRecoveryNSE>Automatic</TextRecoveryNSE>
    <TextRecovery>Automatic</TextRecovery>
    <DetectTables>true</DetectTables>
    <KeepCharacterSpacing>false</KeepCharacterSpacing>
    <HeaderAndFooterMode>Detect</HeaderAndFooterMode>
    <ImageAnchoringMode>Automatic</ImageAnchoringMode>
    <WordDocumentType>Doc</WordDocumentType>
    <ReconstructionMode>Flowing</ReconstructionMode>
  </SolidWordOptions>
  <SolidExcelOptions>
    <AutoRotate>inherit</AutoRotate>
    <TextRecoveryLang>Inherit</TextRecoveryLang>
    <TextRecoveryNSE>Inherit</TextRecoveryNSE>
    <TextRecovery>Inherit</TextRecovery>
    <ExcelDocumentType>Inherit</ExcelDocumentType>
  </SolidExcelOptions>
  <SolidPdfAOptions>
    <AutoRotate>inherit</AutoRotate>
    <OutputLog>inherit</OutputLog>
  </SolidPdfAOptions>
  <SolidImageOptions>
    <ImageDocumentType>Inherit</ImageDocumentType>
  </SolidImageOptions>
  <SolidHtmlOptions>
    <AutoRotate>inherit</AutoRotate>
    <TextRecoveryLang>Inherit</TextRecoveryLang>
    <TextRecoveryNSE>Inherit</TextRecoveryNSE>
    <TextRecovery>Inherit</TextRecovery>
  </SolidHtmlOptions>
  <SolidTextOptions>
    <AutoRotate>inherit</AutoRotate>
    <TextRecoveryLang>Inherit</TextRecoveryLang>
    <TextRecoveryNSE>Inherit</TextRecoveryNSE>
    <TextRecovery>Inherit</TextRecovery>
    <LineLength>-1</LineLength>
  </SolidTextOptions>
  <FREngineOptions>
    <Output>
      <Pdf>
        <PDFColorityMode>KeepColority</PDFColorityMode>
        <PDFAComplianceMode>Pdfa_1b</PDFAComplianceMode>
        <PDFMRCMode>Disable</PDFMRCMode>
        <PictureResolution>150</PictureResolution>
        <PDFResolutionType>Source</PDFResolutionType>
        <PDFExportScenario>Balanced</PDFExportScenario>
        <PDFExportMode>ImageOnText</PDFExportMode>
      </Pdf>
      <Word>
        <KeepLines>false</KeepLines>
        <KeepPages>true</KeepPages>
        <KeepTextColour>true</KeepTextColour>
        <RemoveSoftHyphens>false</RemoveSoftHyphens>
        <WriteCustomXmlTags>false</WriteCustomXmlTags>
        <WritePictures>true</WritePictures>
        <WriteWordXml>false</WriteWordXml>
        <UseOriginalPictureResolution>true</UseOriginalPictureResolution>
        <PictureResolution>150</PictureResolution>
        <JpegQuality>90</JpegQuality>
        <PageOrientation>Auto</PageOrientation>
        <PageSynthesis>Columns</PageSynthesis>
        <ExportPictureFormat>Automatic</ExportPictureFormat>
        <RunningTitleMode>WriteAsNative</RunningTitleMode>
        <OutputFormat>DOC</OutputFormat>
      </Word>
      <Excel>
        <ConvertStringsToNumbers>inherit</ConvertStringsToNumbers>
        <KeepTextColour>inherit</KeepTextColour>
        <RemoveFormatting>inherit</RemoveFormatting>
        <TablesOnly>inherit</TablesOnly>
        <PageOrientation>Inherit</PageOrientation>
        <RunningTitleMode>Inherit</RunningTitleMode>
        <OutputFormat>Inherit</OutputFormat>
      </Excel>
      <Html>
        <HTMLFormatMode>Inherit</HTMLFormatMode>
        <HTMLSynthesisMode>Inherit</HTMLSynthesisMode>
        <KeepLines>inherit</KeepLines>
        <KeepTextAndBackgroundColor>inherit</KeepTextAndBackgroundColor>
        <PictureFormat>Inherit</PictureFormat>
        <UseOriginalPictureResolution>inherit</UseOriginalPictureResolution>
        <PictureResolution>-1</PictureResolution>
        <Quality>-1</Quality>
        <RunningTitleMode>Inherit</RunningTitleMode>
        <SeparatePages>inherit</SeparatePages>
        <UseUnicode>inherit</UseUnicode>
        <WritePictures>inherit</WritePictures>
      </Html>
      <Text>
        <AppendEOF>inherit</AppendEOF>
        <AppendToEnd>inherit</AppendToEnd>
        <CSVTablesOnly>inherit</CSVTablesOnly>
        <EncodingType>Inherit</EncodingType>
        <ExportParagraphsAsOneLine>inherit</ExportParagraphsAsOneLine>
        <InsertEmptyLineBetweenParagraphs>inherit</InsertEmptyLineBetweenParagraphs>
        <RunningTitleMode>Inherit</RunningTitleMode>
        <TXTIsCSV>inherit</TXTIsCSV>
        <UsePageBreaks>inherit</UsePageBreaks>
      </Text>
    </Output>
    <Recognition>
      <PageAnalysis>
        <DetectBarcodes>inherit</DetectBarcodes>
        <DetectInvertedImage>inherit</DetectInvertedImage>
        <DetectMatrixPrinter>inherit</DetectMatrixPrinter>
        <DetectOrientation>inherit</DetectOrientation>
        <DetectPictures>inherit</DetectPictures>
        <DetectPorousText>inherit</DetectPorousText>
        <DetectTables>inherit</DetectTables>
        <FastObjectsExtraction>inherit</FastObjectsExtraction>
        <FlexiFormsDA>false</FlexiFormsDA>
        <FullTextIndexDA>false</FullTextIndexDA>
        <ProhibitClockwiseRotation>inherit</ProhibitClockwiseRotation>
        <ProhibitColorImage>inherit</ProhibitColorImage>
        <ProhibitCounterClockwiseRotation>inherit</ProhibitCounterClockwiseRotation>
        <ProhibitModelAnalysis>inherit</ProhibitModelAnalysis>
        <ProhibitUpsidedownRotation>inherit</ProhibitUpsidedownRotation>
        <RemoveTexture>inherit</RemoveTexture>
        <RemoveGarbage>inherit</RemoveGarbage>
        <RemoveGeometricalDistortions>inherit</RemoveGeometricalDistortions>
        <SingleColumnMode>inherit</SingleColumnMode>
        <DetectSeparators>inherit</DetectSeparators>
        <DetectVectorGraphics>inherit</DetectVectorGraphics>
        <NoShadowsMode>inherit</NoShadowsMode>
        <ProhibitDoublePageMode>inherit</ProhibitDoublePageMode>
        <OrientationDetectionMode>Normal</OrientationDetectionMode>
      </PageAnalysis>
      <Recognizer>
        <CaseRecognitionMode>Inherit</CaseRecognitionMode>
        <CJKTextDirection>Inherit</CJKTextDirection>
        <ErrorHiliteLevel>Inherit</ErrorHiliteLevel>
        <FieldMarkingType>Inherit</FieldMarkingType>
        <TextType>Inherit</TextType>
        <WritingStyle>Inherit</WritingStyle>
        <BalancedMode>inherit</BalancedMode>
        <LowResolutionMode>inherit</LowResolutionMode>
        <ExactConfidenceCalculation>inherit</ExactConfidenceCalculation>
        <FastMode>inherit</FastMode>
        <OneLinePerBlock>inherit</OneLinePerBlock>
        <OneWordPerLine>inherit</OneWordPerLine>
        <ProhibitHyphenation>inherit</ProhibitHyphenation>
        <ProhibitInterblockHyphenation>inherit</ProhibitInterblockHyphenation>
        <ProhibitItalic>inherit</ProhibitItalic>
        <ProhibitSubscript>inherit</ProhibitSubscript>
        <ProhibitSuperscript>inherit</ProhibitSuperscript>
      </Recognizer>
      <TableAnalysis>
        <DetectCellsOrientation>inherit</DetectCellsOrientation>
        <DetectCellsInversion>inherit</DetectCellsInversion>
        <SingleLinePerCell>inherit</SingleLinePerCell>
        <SplitOnlyBySeparators>inherit</SplitOnlyBySeparators>
      </TableAnalysis>
    </Recognition>
    <SynthesisForDocument>
      <DetectBold>inherit</DetectBold>
      <DetectCaptions>inherit</DetectCaptions>
      <DetectColumns>inherit</DetectColumns>
      <DetectDropCaps>inherit</DetectDropCaps>
      <DetectFontSize>inherit</DetectFontSize>
      <DetectFootnotes>inherit</DetectFootnotes>
      <DetectItalic>inherit</DetectItalic>
      <DetectRunningTitles>inherit</DetectRunningTitles>
      <DetectScaling>inherit</DetectScaling>
      <DetectSerifs>inherit</DetectSerifs>
      <DetectSmallCaps>inherit</DetectSmallCaps>
      <DetectSubscriptsSuperscripts>inherit</DetectSubscriptsSuperscripts>
      <DetectUnderlineStrikeout>inherit</DetectUnderlineStrikeout>
      <InsertEmptyParagraphsForBigInterlines>inherit</InsertEmptyParagraphsForBigInterlines>
      <MonospaceDetectionMode>Inherit</MonospaceDetectionMode>
    </SynthesisForDocument>
    <SynthesisForPage>
      <AllowGrayBackgroundColor>inherit</AllowGrayBackgroundColor>
      <AllowGrayTextColor>inherit</AllowGrayTextColor>
      <CorrectDynamicRange>inherit</CorrectDynamicRange>
      <DetectBackgroundColor>inherit</DetectBackgroundColor>
      <DetectDocumentLinks>inherit</DetectDocumentLinks>
      <DetectHyperlinks>inherit</DetectHyperlinks>
      <DetectTextColor>inherit</DetectTextColor>
      <DoNotExtractSeparators>inherit</DoNotExtractSeparators>
      <ParagraphExtractionMode>Inherit</ParagraphExtractionMode>
    </SynthesisForPage>
    <PrepareImage>
      <CorrectSkewByBlackSquaresHorizontally>inherit</CorrectSkewByBlackSquaresHorizontally>
      <CorrectSkewByBlackSquaresVertically>inherit</CorrectSkewByBlackSquaresVertically>
      <CorrectSkewByHorizontalLines>inherit</CorrectSkewByHorizontalLines>
      <CorrectSkewByHorizontalText>inherit</CorrectSkewByHorizontalText>
      <CorrectSkewByVerticalLines>inherit</CorrectSkewByVerticalLines>
      <CorrectSkewByVerticalText>inherit</CorrectSkewByVerticalText>
      <DiscardColorImage>inherit</DiscardColorImage>
    </PrepareImage>
    <ImageProcessing>
      <AutoDetectInversion>inherit</AutoDetectInversion>
      <BlackGarbageSize>-1</BlackGarbageSize>
      <InvertImage>inherit</InvertImage>
      <MirrorImage>inherit</MirrorImage>
      <ProhibitCorrectLocalSkew>inherit</ProhibitCorrectLocalSkew>
      <RemoveGarbage>inherit</RemoveGarbage>
      <RemoveTexture>inherit</RemoveTexture>
      <RotationType>Inherit</RotationType>
      <WhiteGarbageSize>-1</WhiteGarbageSize>
    </ImageProcessing>
    <Language>
      <Abkhaz>false</Abkhaz>
      <Adyghe>false</Adyghe>
      <Afrikaans>false</Afrikaans>
      <Agul>false</Agul>
      <Albanian>false</Albanian>
      <Altaic>false</Altaic>
      <ArmenianEastern>false</ArmenianEastern>
      <ArmenianGrabar>false</ArmenianGrabar>
      <ArmenianWestern>false</ArmenianWestern>
      <Awar>false</Awar>
      <Aymara>false</Aymara>
      <AzeriCyrillic>false</AzeriCyrillic>
      <AzeriLatin>false</AzeriLatin>
      <Bashkir>false</Bashkir>
      <Basque>false</Basque>
      <Belarusian>false</Belarusian>
      <Bemba>false</Bemba>
      <Blackfoot>false</Blackfoot>
      <Breton>false</Breton>
      <Bugotu>false</Bugotu>
      <Bulgarian>false</Bulgarian>
      <Buryat>false</Buryat>
      <Catalan>false</Catalan>
      <Chamorro>false</Chamorro>
      <Chechen>false</Chechen>
      <ChineseSimplified>false</ChineseSimplified>
      <ChineseTraditional>false</ChineseTraditional>
      <Chukcha>false</Chukcha>
      <Chuvash>false</Chuvash>
      <Corsican>false</Corsican>
      <CrimeanTatar>false</CrimeanTatar>
      <Croatian>false</Croatian>
      <Crow>false</Crow>
      <Czech>false</Czech>
      <Danish>false</Danish>
      <Dargwa>false</Dargwa>
      <Dungan>false</Dungan>
      <Dutch>false</Dutch>
      <DutchBelgian>false</DutchBelgian>
      <English>true</English>
      <EskimoCyrillic>false</EskimoCyrillic>
      <EskimoLatin>false</EskimoLatin>
      <Esperanto>false</Esperanto>
      <Estonian>false</Estonian>
      <Even>false</Even>
      <Evenki>false</Evenki>
      <Faeroese>false</Faeroese>
      <Fijian>false</Fijian>
      <Finnish>false</Finnish>
      <French>false</French>
      <Frisian>false</Frisian>
      <Friulian>false</Friulian>
      <GaelicScottish>false</GaelicScottish>
      <Gagauz>false</Gagauz>
      <Galician>false</Galician>
      <Ganda>false</Ganda>
      <German>false</German>
      <GermanNewSpelling>false</GermanNewSpelling>
      <GermanLuxembourg>false</GermanLuxembourg>
      <Greek>false</Greek>
      <Guarani>false</Guarani>
      <Hani>false</Hani>
      <Hausa>false</Hausa>
      <Hawaiian>false</Hawaiian>
      <Hebrew>false</Hebrew>
      <Hungarian>false</Hungarian>
      <Icelandic>false</Icelandic>
      <Ido>false</Ido>
      <Indonesian>false</Indonesian>
      <Ingush>false</Ingush>
      <Interlingua>false</Interlingua>
      <Irish>false</Irish>
      <Italian>false</Italian>
      <Japanese>false</Japanese>
      <Kabardian>false</Kabardian>
      <Kalmyk>false</Kalmyk>
      <KarachayBalkar>false</KarachayBalkar>
      <Karakalpak>false</Karakalpak>
      <Kasub>false</Kasub>
      <Kawa>false</Kawa>
      <Kazakh>false</Kazakh>
      <Khakas>false</Khakas>
      <Khanty>false</Khanty>
      <Kikuyu>false</Kikuyu>
      <Kirgiz>false</Kirgiz>
      <Kongo>false</Kongo>
      <Korean>false</Korean>
      <KoreanHangul>false</KoreanHangul>
      <Koryak>false</Koryak>
      <Kpelle>false</Kpelle>
      <Kumyk>false</Kumyk>
      <Kurdish>false</Kurdish>
      <Lak>false</Lak>
      <Lappish>false</Lappish>
      <Latin>false</Latin>
      <Latvian>false</Latvian>
      <LatvianGothic>false</LatvianGothic>
      <Lezgin>false</Lezgin>
      <Lithuanian>false</Lithuanian>
      <Luba>false</Luba>
      <Macedonian>false</Macedonian>
      <Malagasy>false</Malagasy>
      <Malay>false</Malay>
      <Malinke>false</Malinke>
      <Maltese>false</Maltese>
      <Mansi>false</Mansi>
      <Maori>false</Maori>
      <Mari>false</Mari>
      <Maya>false</Maya>
      <Miao>false</Miao>
      <Minankabaw>false</Minankabaw>
      <Mohawk>false</Mohawk>
      <Mongol>false</Mongol>
      <Mordvin>false</Mordvin>
      <Nahuatl>false</Nahuatl>
      <Nenets>false</Nenets>
      <Nivkh>false</Nivkh>
      <Nogay>false</Nogay>
      <Norwegian>false</Norwegian>
      <NorwegianBokmal>false</NorwegianBokmal>
      <NorwegianNynorsk>false</NorwegianNynorsk>
      <Nyanja>false</Nyanja>
      <Occidental>false</Occidental>
      <Ojibway>false</Ojibway>
      <OldEnglish>false</OldEnglish>
      <OldFrench>false</OldFrench>
      <OldGerman>false</OldGerman>
      <OldItalian>false</OldItalian>
      <OldSpanish>false</OldSpanish>
      <Ossetic>false</Ossetic>
      <Papiamento>false</Papiamento>
      <PidginEnglish>false</PidginEnglish>
      <Polish>false</Polish>
      <PortugueseBrazilian>false</PortugueseBrazilian>
      <PortugueseStandard>false</PortugueseStandard>
      <Provencal>false</Provencal>
      <Quechua>false</Quechua>
      <RhaetoRomanic>false</RhaetoRomanic>
      <Romanian>false</Romanian>
      <RomanianMoldavia>false</RomanianMoldavia>
      <Romany>false</Romany>
      <Ruanda>false</Ruanda>
      <Rundi>false</Rundi>
      <RussianOldSpelling>false</RussianOldSpelling>
      <Russian>false</Russian>
      <Samoan>false</Samoan>
      <Selkup>false</Selkup>
      <SerbianCyrillic>false</SerbianCyrillic>
      <SerbianLatin>false</SerbianLatin>
      <Shona>false</Shona>
      <Sioux>false</Sioux>
      <Slovak>false</Slovak>
      <Slovenian>false</Slovenian>
      <Somali>false</Somali>
      <Sorbian>false</Sorbian>
      <Sotho>false</Sotho>
      <Spanish>false</Spanish>
      <Sunda>false</Sunda>
      <Swahili>false</Swahili>
      <Swazi>false</Swazi>
      <Swedish>false</Swedish>
      <Tabassaran>false</Tabassaran>
      <Tagalog>false</Tagalog>
      <Tahitian>false</Tahitian>
      <Tajik>false</Tajik>
      <Tatar>false</Tatar>
      <Tinpo>false</Tinpo>
      <Tongan>false</Tongan>
      <Tswana>false</Tswana>
      <Tun>false</Tun>
      <Turkish>false</Turkish>
      <Turkmen>false</Turkmen>
      <Tuvin>false</Tuvin>
      <Udmurt>false</Udmurt>
      <UighurCyrillic>false</UighurCyrillic>
      <UighurLatin>false</UighurLatin>
      <Ukrainian>false</Ukrainian>
      <UzbekCyrillic>false</UzbekCyrillic>
      <UzbekLatin>false</UzbekLatin>
      <Visayan>false</Visayan>
      <Welsh>false</Welsh>
      <Wolof>false</Wolof>
      <Xhosa>false</Xhosa>
      <Yakut>false</Yakut>
      <Yiddish>false</Yiddish>
      <Zapotec>false</Zapotec>
      <Zulu>false</Zulu>
    </Language>
    <BlankPageOptions>
      <Mode>Inherit</Mode>
      <Behaviour>Inherit</Behaviour>
    </BlankPageOptions>
  </FREngineOptions>
  <WordOutputFormat>Rtf</WordOutputFormat>
  <ExcelOutputFormat>Inherit</ExcelOutputFormat>
</ConversionTemplate>