﻿<?xml version="1.0" encoding="utf-8"?>
<PPTRenderSet xmlns:xsi="http://www.w3.org/2001/XMLSchema-instance" xmlns:xsd="http://www.w3.org/2001/XMLSchema">
  <OriginalName>Text Changes</OriginalName>
  <FileNameOnDisk />
  <DisplayName>Text Changes</DisplayName>
  <CreationDate />
  <ModifiedDate />
  <ServerSet>true</ServerSet>
  <ComparisonSettings>
    <ModifiedDocumentPosition>Right</ModifiedDocumentPosition>
    <IncludeHiddenSlides>true</IncludeHiddenSlides>
    <IncludeSlideComments>true</IncludeSlideComments>
    <IncludePictures>false</IncludePictures>
    <IncludeShapeFormat>false</IncludeShapeFormat>
    <IncludeShapeLocationAndSize>false</IncludeShapeLocationAndSize>
    <ShowMovedSlides>true</ShowMovedSlides>
    <ShowMovedText>true</ShowMovedText>
    <IncludeSpeakerNotes>true</IncludeSpeakerNotes>
    <IncludeSlideBackground>false</IncludeSlideBackground>
    <IncludeTextFormat>false</IncludeTextFormat>
    <IncludeAudioVideo>false</IncludeAudioVideo>
    <SlideMarkupSettings>
      <EnableSlideMarkup>true</EnableSlideMarkup>
      <InsertionOptions>
        <BorderColor>NamedColor:Blue</BorderColor>
        <BorderDashStyle>Dash</BorderDashStyle>
        <BorderWidth>3</BorderWidth>
      </InsertionOptions>
      <DeletionOptions>
        <BorderColor>NamedColor:Red</BorderColor>
        <BorderDashStyle>Dash</BorderDashStyle>
        <BorderWidth>3</BorderWidth>
      </DeletionOptions>
      <MoveInsertionOptions>
        <BorderColor>NamedColor:LightGreen</BorderColor>
        <BorderDashStyle>Dash</BorderDashStyle>
        <BorderWidth>3</BorderWidth>
      </MoveInsertionOptions>
      <MoveDeletionOptions>
        <BorderColor>NamedColor:LightGreen</BorderColor>
        <BorderDashStyle>Dash</BorderDashStyle>
        <BorderWidth>3</BorderWidth>
      </MoveDeletionOptions>
    </SlideMarkupSettings>
    <ShapeMarkupSettings>
      <EnableShapeMarkup>true</EnableShapeMarkup>
      <InsertionOptions>
        <BorderColor>NamedColor:Blue</BorderColor>
        <BorderDashStyle>Dash</BorderDashStyle>
        <BorderWidth>3</BorderWidth>
      </InsertionOptions>
      <DeletionOptions>
        <BorderColor>NamedColor:Red</BorderColor>
        <BorderDashStyle>Dash</BorderDashStyle>
        <BorderWidth>3</BorderWidth>
      </DeletionOptions>
      <PropertyChanges>
        <BorderColor>ARGBColor:255:184:134:11</BorderColor>
        <BorderDashStyle>Dash</BorderDashStyle>
        <BorderWidth>3</BorderWidth>
      </PropertyChanges>
    </ShapeMarkupSettings>
    <TextMarkupSettings>
      <InsertionOptions>
        <MarkupColor>NamedColor:Blue</MarkupColor>
        <EnableBold>false</EnableBold>
        <EnableItalic>false</EnableItalic>
        <MarkupType>Underline</MarkupType>
      </InsertionOptions>
      <DeletionOptions>
        <MarkupColor>NamedColor:Red</MarkupColor>
        <EnableBold>false</EnableBold>
        <EnableItalic>false</EnableItalic>
        <MarkupType>Strikeout</MarkupType>
      </DeletionOptions>
      <MoveFromOptions>
        <MarkupColor>NamedColor:Green</MarkupColor>
        <EnableBold>false</EnableBold>
        <EnableItalic>false</EnableItalic>
        <MarkupType>Strikeout</MarkupType>
      </MoveFromOptions>
      <MoveToOptions>
        <MarkupColor>NamedColor:Green</MarkupColor>
        <EnableBold>false</EnableBold>
        <EnableItalic>false</EnableItalic>
        <MarkupType>Underline</MarkupType>
      </MoveToOptions>
    </TextMarkupSettings>
  </ComparisonSettings>
</PPTRenderSet>