﻿<?xml version="1.0" encoding="utf-8" standalone="yes"?>
<compareDocsAppSettings>
  <AutoSelectVersionsFromDMS version="0" enforced="false">True</AutoSelectVersionsFromDMS>
  <LastConnection version="0" enforced="false">14 Jan 2019 04:40:42 PM</LastConnection>
  <CompareDocsLicenseName version="1" enforced="false">Gould &amp; Ratner LLP</CompareDocsLicenseName>
  <CompareDocsLicenseKey version="1" enforced="false">72968-71370187-721493-2880-28-60945-0-00701</CompareDocsLicenseKey>
  <ReportHeader version="0" enforced="false">pdfDocs compareDocs Comparison Results</ReportHeader>
  <ViewWordPaneRevisions version="0" enforced="false">False</ViewWordPaneRevisions>
  <ShowFormatChanges version="0" enforced="false">False</ShowFormatChanges>
  <WordReportType version="1" enforced="false">1</WordReportType>
  <PDFReportType version="1" enforced="false">2</PDFReportType>
  <StreamType version="1" enforced="false">WordNative</StreamType>
  <DisableUpdates version="0" enforced="false">True</DisableUpdates>
  <PDFGenerateChangeSummaryReport version="0" enforced="false">False</PDFGenerateChangeSummaryReport>
  <WordCompareComments version="0" enforced="false">True</WordCompareComments>
  <WordCompareShowMoves version="0" enforced="false">True</WordCompareShowMoves>
  <WordRenderingSetName version="0" enforced="false">G&amp;R Color (with Bars, Bold, and Moves)</WordRenderingSetName>
  <WordSaveOption version="0" enforced="false">2</WordSaveOption>
  <WordTrackChangesAuthorOption version="0" enforced="false">2</WordTrackChangesAuthorOption>
  <WordInsertChangeBars version="0" enforced="false">True</WordInsertChangeBars>
  <PdfRenderingSetName version="0" enforced="false">G&amp;R Color</PdfRenderingSetName>
  <ExcelAllWorkSheets version="0" enforced="false">True</ExcelAllWorkSheets>
  <MacroSwitch version="0" enforced="false">False</MacroSwitch>
  <Language version="0" enforced="false">en-US</Language>
  <WorksiteRightClickIntegrationLabel version="0" enforced="false">Send to pdfDocs compareDocs</WorksiteRightClickIntegrationLabel>
  <Version version="0" enforced="false">1.0.0.1</Version>
</compareDocsAppSettings>